{"cameraMode":{"drawMode":0,"name":"Shaded","section":"Shading Mode"},"sceneLighting":true,"audioPlay":false,"sceneViewState":{"m_AlwaysRefresh":false,"showFog":true,"showSkybox":true,"showFlares":true,"showImageEffects":true,"showParticleSystems":true,"showVisualEffectGraphs":true,"m_FxEnabled":true},"in2DMode":false,"pivot":{"x":471.6097412109375,"y":313.36798095703127,"z":158.7315673828125},"rotation":{"x":-0.009295382536947728,"y":0.05456816777586937,"z":-0.0005067619495093823,"w":-0.9984744787216187},"size":511.3329772949219,"orthographic":false}